COUNTY_NAME,COUNTY_FIPS,REGION_CODE
Anderson,48001,04
Andrews,48003,09
Angelina,48005,05
Aransas,48007,11
Archer,48009,02
Armstrong,48011,01
Atascosa,48013,08
Austin,48015,06
Bailey,48017,01
Bandera,48019,08
Bastrop,48021,07
Baylor,48023,02
Bee,48025,11
Bell,48027,07
Bexar,48029,08
Blanco,48031,07
Borden,48033,09
Bosque,48035,07
Bowie,48037,04
Brazoria,48039,06
Brazos,48041,07
Brewster,48043,10
Briscoe,48045,01
Brooks,48047,11
Brown,48049,02
Burleson,48051,07
Burnet,48053,07
Caldwell,48055,07
Calhoun,48057,08
Callahan,48059,02
Cameron,48061,11
Camp,48063,04
Carson,48065,01
Cass,48067,04
Castro,48069,01
Chambers,48071,06
Cherokee,48073,04
Childress,48075,01
Clay,48077,02
Cochran,48079,01
Coke,48081,09
Coleman,48083,02
Collin,48085,03
Collingsworth,48087,01
Colorado,48089,06
Comal,48091,08
Comanche,48093,02
Concho,48095,09
Cooke,48097,03
Coryell,48099,07
Cottle,48101,02
Crane,48103,09
Crockett,48105,09
Crosby,48107,01
Culberson,48109,10
Dallam,48111,01
Dallas,48113,03
Dawson,48115,09
Deaf Smith,48117,01
Delta,48119,04
Denton,48121,03
DeWitt,48123,08
Dickens,48125,01
Dimmit,48127,08
Donley,48129,01
Duval,48131,11
Eastland,48133,02
Ector,48135,09
Edwards,48137,08
Ellis,48139,03
El Paso,48141,10
Erath,48143,03
Falls,48145,07
Fannin,48147,03
Fayette,48149,07
Fisher,48151,02
Floyd,48153,01
Foard,48155,02
Fort Bend,48157,06
Franklin,48159,04
Freestone,48161,07
Frio,48163,08
Gaines,48165,09
Galveston,48167,06
Garza,48169,01
Gillespie,48171,08
Glasscock,48173,09
Goliad,48175,08
Gonzales,48177,08
Gray,48179,01
Grayson,48181,03
Gregg,48183,04
Grimes,48185,07
Guadalupe,48187,08
Hale,48189,01
Hall,48191,01
Hamilton,48193,07
Hansford,48195,01
Hardeman,48197,02
Hardin,48199,05
Harris,48201,06
Harrison,48203,04
Hartley,48205,01
Haskell,48207,02
Hays,48209,07
Hemphill,48211,01
Henderson,48213,04
Hidalgo,48215,11
Hill,48217,07
Hockley,48219,01
Hood,48221,03
Hopkins,48223,04
Houston,48225,05
Howard,48227,09
Hudspeth,48229,10
Hunt,48231,03
Hutchinson,48233,01
Irion,48235,09
Jack,48237,02
Jackson,48239,08
Jasper,48241,05
Jeff Davis,48243,10
Jefferson,48245,05
Jim Hogg,48247,11
Jim Wells,48249,11
Johnson,48251,03
Jones,48253,02
Karnes,48255,08
Kaufman,48257,03
Kendall,48259,08
Kenedy,48261,11
Kent,48263,02
Kerr,48265,08
Kimble,48267,09
King,48269,01
Kinney,48271,08
Kleberg,48273,11
Knox,48275,02
Lamar,48277,04
Lamb,48279,01
Lampasas,48281,07
La Salle,48283,08
Lavaca,48285,08
Lee,48287,07
Leon,48289,07
Liberty,48291,06
Limestone,48293,07
Lipscomb,48295,01
Live Oak,48297,11
Llano,48299,07
Loving,48301,09
Lubbock,48303,01
Lynn,48305,01
Madison,48307,07
Marion,48309,04
Martin,48311,09
Mason,48313,09
Matagorda,48315,06
Maverick,48317,08
McCulloch,48319,09
McLennan,48321,07
McMullen,48323,11
Medina,48325,08
Menard,48327,09
Midland,48329,09
Milam,48331,07
Mills,48333,07
Mitchell,48335,02
Montague,48337,02
Montgomery,48339,06
Moore,48341,01
Morris,48343,04
Motley,48345,01
Nacogdoches,48347,05
Navarro,48349,03
Newton,48351,05
Nolan,48353,02
Nueces,48355,11
Ochiltree,48357,01
Oldham,48359,01
Orange,48361,05
Palo Pinto,48363,03
Panola,48365,04
Parker,48367,03
Parmer,48369,01
Pecos,48371,09
Polk,48373,05
Potter,48375,01
Presidio,48377,10
Rains,48379,04
Randall,48381,01
Reagan,48383,09
Real,48385,08
Red River,48387,04
Reeves,48389,09
Refugio,48391,11
Roberts,48393,01
Robertson,48395,07
Rockwall,48397,03
Runnels,48399,02
Rusk,48401,04
Sabine,48403,05
San Augustine,48405,05
San Jacinto,48407,05
San Patricio,48409,11
San Saba,48411,07
Schleicher,48413,09
Scurry,48415,02
Shackelford,48417,02
Shelby,48419,05
Sherman,48421,01
Smith,48423,04
Somervell,48425,03
Starr,48427,11
Stephens,48429,02
Sterling,48431,09
Stonewall,48433,02
Sutton,48435,09
Swisher,48437,01
Tarrant,48439,03
Taylor,48441,02
Terrell,48443,09
Terry,48445,01
Throckmorton,48447,02
Titus,48449,04
Tom Green,48451,09
Travis,48453,07
Trinity,48455,05
Tyler,48457,05
Upshur,48459,04
Upton,48461,09
Uvalde,48463,08
Val Verde,48465,08
Van Zandt,48467,04
Victoria,48469,08
Walker,48471,06
Waller,48473,06
Ward,48475,09
Washington,48477,07
Webb,48479,11
Wharton,48481,06
Wheeler,48483,01
Wichita,48485,02
Wilbarger,48487,02
Willacy,48489,11
Williamson,48491,07
Wilson,48493,08
Winkler,48495,09
Wise,48497,03
Wood,48499,04
Yoakum,48501,01
Young,48503,02
Zapata,48505,11
Zavala,48507,08
